优惠活动,会场,卖家地址,原价,快递费,服务保障,标题,现价
"满199减10,满299减30,满499减60,可跨店",图书,四川成都,39.5,快递: 0.00,正品保证;赠运费险;极速退款;七天退换,【低折扣提前享】解忧杂货店 东野圭吾 白夜行 岛上书店 赠书签 荣登纪伊国屋、诚品、博客来、金石堂各大排行榜 站在人生的分岔,19.75
"满199减10,满299减30,满499减60,可跨店",图书,北京,23.0,快递: 0.00,正品保证;赠运费险;极速退款;七天退换,【当当网 正版包邮】我们仨(新版) 杨绛著 三联书店出版 散文传记 中国现当代小说,11.27
"满199减10,满299减30,满499减60,可跨店",图书,吉林长春,1200.0,快递: 0.00,正品保证;赠运费险;极速退款;七天退换,灌篮高手(完全版共24册)井上雄彦著,600.0
"满199减10,满299减30,满499减60,可跨店",图书,广东广州,120.0,快递: 0.00,正品保证;公益宝贝;赠运费险;极速退款;七天退换,赠光盘 小猪佩奇书籍第一辑全套10册 儿童绘本3-6周岁中英文对照双语幼儿图画书粉红猪小妹 佩奇动画故事书校车旅行/小猪佩奇正版,56.8
"满199减10,满299减30,满499减60,可跨店",图书,北京,260.0,快递: 0.00,正品保证;赠运费险;极速退款;七天退换,【世界十大名著全10册】正版现货巴黎圣母院飘我的大学童年红与黑呼啸山庄在人间 简.爱傲慢与偏见复活世界名著中文版畅销小说书籍,85.0
"满199减10,满299减30,满499减60,可跨店",图书,北京,180.0,快递: 0.00,正品保证;赠运费险;极速退款;七天退换,正版现货 魔鬼经济学（套装4册） 史蒂芬 列维特 著 罗辑思维推荐 中信出版社图书 畅销书 正版书籍,88.0
"满499减10,满1999减40,满9999减300,可跨店",图书,上海,9989.0,快递: 0.00,正品保证;公益宝贝;赠运费险;极速退款;七天退换,美德威智能电钢琴88键重锤 专业成人数码电子钢琴初学者儿童电钢,2689.0
"满499减10,满1999减40,满9999减300,可跨店",图书,上海,9989.0,快递: 0.00,正品保证;公益宝贝;赠运费险;极速退款;七天退换,美德威智能电钢琴88键重锤 专业成人数码电子钢琴初学者儿童电钢,2689.0
"满499减10,满1999减40,满9999减300,可跨店",图书,上海,29100.0,快递: 0.00,正品保证;赠运费险;极速退款;七天退换,香港CAROD/卡罗德立式钢琴T23 全新88键专业高端品质演奏钢琴正品,15899.0
"满499减10,满1999减40,满9999减300,可跨店",图书,上海,29100.0,快递: 0.00,正品保证;赠运费险;极速退款;七天退换,香港CAROD/卡罗德立式钢琴T23 全新88键专业高端品质演奏钢琴正品,15899.0
"满499减10,满1999减40,满9999减300,可跨店",图书,北京,4420.0,快递: 0.00,正品保证;公益宝贝;赠运费险;极速退款;七天退换,The ONE智能钢琴专业电钢琴88键重锤电子钢琴壹枱数码钢琴电子琴,3599.0
"满499减10,满1999减40,满9999减300,可跨店",图书,上海,29100.0,快递: 0.00,正品保证;赠运费险;极速退款;七天退换,香港CAROD/卡罗德立式钢琴T23 全新88键专业高端品质演奏钢琴正品,15899.0
"满499减10,满1999减40,满9999减300,可跨店",图书,上海,34500.0,快递: 0.00,正品保证;赠运费险;极速退款;七天退换,美德威(MIDWAY)德国工艺全新进口配件专业高档演奏立式钢琴UM-23,14100.0
"满499减10,满1999减40,满9999减300,可跨店",图书,上海,34500.0,快递: 0.00,正品保证;赠运费险;极速退款;七天退换,美德威(MIDWAY)德国工艺全新进口配件专业高档演奏立式钢琴UM-23,14100.0
"满499减10,满1999减40,满9999减300,可跨店",图书,北京,4520.0,快递: 0.00,正品保证;公益宝贝;赠运费险;极速退款;七天退换,The ONE智能钢琴专业电钢琴88键重锤电子钢琴壹枱数码钢琴电子琴,3599.0
"满499减10,满1999减40,满9999减300,可跨店",图书,广东广州,1699.0,快递: 0.00,正品保证;公益宝贝;赠运费险;极速退款;七天退换,红棉正品民谣吉他41寸单板吉他jita40寸面单吉它练习初学演奏吉他,799.0
"满499减10,满1999减40,满9999减300,可跨店",图书,上海,34500.0,快递: 0.00,正品保证;赠运费险;极速退款;七天退换,美德威(MIDWAY)德国工艺全新进口配件专业高档演奏立式钢琴UM-23,14100.0
"满499减10,满1999减40,满9999减300,可跨店",图书,广东广州,1699.0,快递: 0.00,正品保证;公益宝贝;赠运费险;极速退款;七天退换,红棉正品民谣吉他41寸单板吉他jita40寸面单吉它练习初学演奏吉他,799.0
"满499减10,满1999减40,满9999减300,可跨店",图书,广东广州,1699.0,快递: 0.00,正品保证;公益宝贝;赠运费险;极速退款;七天退换,红棉正品民谣吉他41寸单板吉他jita40寸面单吉它练习初学演奏吉他,799.0
"满499减10,满1999减40,满9999减300,可跨店",图书,江苏南通,3949.0,快递: 0.00,正品保证;赠运费险;极速退款;七天退换,顺丰包邮CASIO卡西欧PX160重锤88键数码智能成人儿童电子钢琴,3140.0
"满499减10,满1999减40,满9999减300,可跨店",图书,江苏南通,3949.0,快递: 0.00,正品保证;赠运费险;极速退款;七天退换,顺丰包邮CASIO卡西欧PX160重锤88键数码智能成人儿童电子钢琴,3140.0
"满499减10,满1999减40,满9999减300,可跨店",图书,江苏南通,3949.0,快递: 0.00,正品保证;赠运费险;极速退款;七天退换,顺丰包邮CASIO卡西欧PX160重锤88键数码智能成人儿童电子钢琴,3140.0
"满199减10,满299减30,满499减60,可跨店",图书,北京,39.0,快递: 0.00,正品保证;赠运费险;极速退款;七天退换,【当当网 正版包邮】好吗好的大冰 《阿弥陀佛么么哒》作者2016年新书,19.11
"满199减10,满299减30,满499减60,可跨店",图书,四川成都,93.0,快递: 0.00,正品保证;赠运费险;极速退款;七天退换,【低折扣提前享】【正版包邮】三体全集123 刘慈欣 雨果奖获奖作品 三体1+三体2黑暗森林+三体3死神永生 银河帝国长篇科 新华书店,46.5
"满199减10,满299减30,满499减60,可跨店",图书,浙江杭州,36.0,快递: 0.00,正品保证;赠运费险;极速退款;七天退换,正版现货包邮 从你的全世界路过 让所有人心动的故事让我留在你身边 张嘉佳 电影原著 青春励志文学图书都市情感睡前小说畅销书籍,17.6
"满199减10,满299减30,满499减60,可跨店",图书,浙江杭州,79.8,快递: 0.00,正品保证;赠运费险;极速退款;七天退换,正版现货 平凡的世界 路遥著 全套共三册 中国经典现代/当代文学小说 矛盾文学奖 中学生必读课外读物 新华书店正版畅销书籍,39.9
"满199减10,满299减30,满499减60,可跨店",图书,北京,35.0,快递: 0.00,正品保证;赠运费险;极速退款;七天退换,拍下发【赠书签】正版包邮 孤独深处北京折叠郝景芳2016雨果奖获奖作品三体刘慈欣推荐侦探推理悬疑科幻小说现当代文学散文随笔xs,17.1
"满199减10,满299减30,满499减60,可跨店",图书,江苏南京,172.8,快递: 0.00,正品保证;赠运费险;极速退款;七天退换,毛泽东传+周恩来传+邓小平传+蒋介石传 名人传记 全4册 自传伟人故事正版畅销人物传记书籍,85.8
"满199减10,满299减30,满499减60,可跨店",图书,浙江杭州,59.2,快递: 0.00,正品保证;赠运费险;极速退款;七天退换,5分钟玩出专注力4册 逻辑思维训练 注意力训练书 3-7-8-10岁儿童读物 迷宫书 5-6岁图书全脑智能 智力开发书籍 幼儿益智游戏找不同,25.3
"满199减10,满299减30,满499减60,可跨店",图书,四川成都,320.0,快递: 0.00,正品保证;赠运费险;极速退款;七天退换,【低折扣提前享】崔玉涛图解家庭育儿(1-10珍藏套装) 李小璐 白百何 刘孜 马伊琍 李小萌 小巫无私推荐的新科学育儿书 新手爸妈育,144.0
"满199减10,满299减30,满499减60,可跨店",图书,福建福州,522.0,快递: 0.00,正品保证;赠运费险;极速退款;七天退换,正版包邮  DK儿童百科全书+恐龙百科全书+太空百科全书+动物百科全书 全套4册套装 大英少儿百科全书青少年版中小学生科普书籍,261.0
"满199减10,满299减30,满499减60,可跨店",图书,浙江杭州,25.0,快递: 0.00,正品保证;赠运费险;极速退款;七天退换,窗边的小豆豆 黑柳彻子少儿教育书籍中小学生四五六年级课外书7-8-9-10-12岁少儿读物 外国青少年校园小说儿童文学故事书 正版包邮,12.25
"满199减10,满299减30,满499减60,可跨店",图书,江苏南京,150.0,快递: 0.0,正品保证;赠运费险;极速退款;七天退换,曹文轩经典长篇小说礼盒(全7册) 正版包邮文集草房子青铜葵花根鸟细米红瓦黑瓦儿童文学【新华书店正版书籍】,63.0
"满199减10,满299减30,满499减60,可跨店",图书,上海,168.0,快递: 0.00,正品保证;赠运费险;极速退款;七天退换,四大名著全套原著正版珍藏版中学生青少年成人版名家演播版三国演义红楼梦水浒传西游记罗贯中曹雪芹中国古典文学世界名著岳麓书,29.9
"满199减10,满299减30,满499减60,可跨店",图书,四川成都,95.0,快递: 0.00,正品保证;赠运费险;极速退款;七天退换,【低折扣提前享】现代汉语词典 (第6版)第六版 塑封最新版 精装 中小学生师生必备 辅助工具书 2012年 商务印书馆出版 新华书店正,47.5
"满199减10,满299减30,满499减60,可跨店",图书,广东广州,120.0,快递: 0.00,正品保证;公益宝贝;赠运费险;极速退款;七天退换,正版包邮 不一样的卡梅拉全套 第一季12册 儿童绘本故事书3-4-5-6-7-8周岁幼儿园图书宝宝书籍 我想去看海的故事 一年级读物畅销,49.8
"满199减10,满299减30,满499减60,可跨店",图书,江西南昌,475.0,快递: 0.00,正品保证;赠运费险;极速退款;七天退换,我的第一本大中华寻宝记系列全套19册6-12岁香港辽宁广东上海北京科学漫画书中国书籍小学生小牛顿 科普馆百科少儿,237.5
"满199减10,满299减30,满499减60,可跨店",图书,浙江杭州,66.0,快递: 0.00,正品保证;赠运费险;极速退款;七天退换,米小圈上学记 二年级课外书必读 漫画书全套 一年级课外书注音版 儿童读物 7-10岁 小学生8-9-12岁少儿畅销故事书阅读书籍正版包邮,29.6
"满199减10,满299减30,满499减60,可跨店",图书,北京,178.0,快递: 0.0,正品保证;公益宝贝;赠运费险;极速退款;七天退换,中公教育公务员考试用书2017年国家公务员考试真题试卷行测申论教材国考公务员2017行政职业能力测验题库考前1000题真题卷历年真题,26.0
"满199减10,满299减30,满499减60,可跨店",图书,北京,65.0,快递: 0.00,正品保证;赠运费险;极速退款;七天退换,【当当网 正版书籍】蔡康永的说话之道1+2（全2册）口才演讲辩论说服力说话技巧 40种说话秘方体现相处之道,31.85
"满199减10,满299减30,满499减60,可跨店",图书,浙江杭州,35.0,快递: 0.00,正品保证;赠运费险;极速退款;七天退换,正版现货 新东方四级词汇 词根+联想 记忆法 CET4 乱序版附光盘 俞敏洪编著 大学英语四级词汇书 cet4级考试工具书 正版包邮,17.5
"满199减10,满299减30,满499减60,可跨店",图书,江苏南京,148.0,快递: 0.0,正品保证;赠运费险;极速退款;七天退换,【直击11月真题】剑11版 慎小嶷十天突破雅思写作+雅思口语 IELTS剑桥雅思范文10天突破雅思口语王陆听力语料库真经总纲阅读教材,74.0
"满199减10,满299减30,满499减60,可跨店",图书,北京,240.0,快递: 24.00,正品保证;赠运费险;极速退款;七天退换,Vogue服饰与美容 杂志 订12期5折 12月刊起订 送丝巾、卡包、CC霜,120.0
"满199减10,满299减30,满499减60,可跨店",图书,浙江杭州,68.0,快递: 0.00,正品保证;赠运费险;极速退款;七天退换,【限量赠大海报+20张8寸易裁相框图】杨洋2016新书自在·YOUNG 杨洋young青春写真集明星传畅销书 个人传记写真集正版新书畅销,34.0
"满199减10,满299减30,满499减60,可跨店",图书,江苏南京,49.0,快递: 0.00,正品保证;赠运费险;极速退款;七天退换,包邮 黑客攻防从入门到精通 附vip视频 黑客实战技术知识教程软件工具自学电脑编程入门书籍 计算机网络技术安全基础书籍 密码系统,24.5
"满199减10,满299减30,满499减60,可跨店",图书,四川成都,252.0,快递: 18.00,正品保证;赠运费险;极速退款;七天退换,婴儿画报双月刊 0-4岁杂志订阅2017年1月起订育儿早教图书杂志铺,126.0
"满199减10,满299减30,满499减60,可跨店",图书,四川成都,360.0,快递: 0.00,正品保证;赠运费险;极速退款;七天退换,幼儿画报双月刊杂志幼儿早教图书全年2017年1月起订阅 杂志铺,180.0
"满199减10,满299减30,满499减60,可跨店",图书,浙江杭州,33.8,快递: 0.00,正品保证;赠运费险;极速退款;七天退换,再不学画画我们就老了 我的第一本彩铅书 彩铅画入门教程书 彩色铅笔绘画 零基础学画漫画素描 艺术绘画书籍美术教材 正版畅销书籍,16.5
"满199减10,满299减30,满499减60,可跨店",图书,北京,75.0,快递: 0.00,正品保证;赠运费险;极速退款;七天退换,思维导图 大脑使用说明书 超值全彩精装珍藏版 你的第一本思维导图操作训练书籍 逻辑思维与智慧青年学生的创新思维训练励志畅销书,14.7
"满199减10,满299减30,满499减60,可跨店",图书,四川成都,240.0,快递: 36.00,正品保证;赠运费险;极速退款;七天退换,12期中国国家地理杂志订阅 旅游期刊17年全年1月起订杂志铺,120.0
"满199减10,满299减30,满499减60,可跨店",图书,江苏南京,25.8,快递: 0.00,正品保证;公益宝贝;赠运费险;极速退款;七天退换,【新大纲版+课程】星火大学英语四级词汇 周计划 英语四级真题词汇2016 配APP便携版七周快速突破四级词汇手册四级单词 高频乱序版,12.9
"满199减10,满299减30,满499减60,可跨店",图书,四川成都,39.8,快递: 0.00,正品保证;赠运费险;极速退款;七天退换,小顾聊绘画2 贰 艺术入门畅销书 艺术培养 “小顾系列”人气艺术书 顾爷艺术风暴 大师风景 艺术入门读物,19.9
"满199减10,满299减30,满499减60,可跨店",图书,北京,36.8,快递: 0.00,正品保证;赠运费险;极速退款;七天退换,【当当网】轻断食：正在横扫全球的瘦身革命 大S 张德芬 全球明星都在轻断食 减肥瘦身 保健养生 正版畅销书籍 读物 丛书 减肥书,18.03
"满199减10,满299减30,满499减60,可跨店",图书,广东广州,696.0,快递: 0.00,正品保证;赠运费险;极速退款;七天退换,哈利波特全集英文版原版正版书全套 1-7 Harry Potter英版珍藏,285.0
"满199减10,满299减30,满499减60,可跨店",图书,广东广州,218.0,快递: 0.00,正品保证;赠运费险;极速退款;七天退换,美国家庭万用亲子英文 书带光盘 原版儿童英语教育绘本,106.0
"满199减10,满299减30,满499减60,可跨店",图书,广东广州,241.5,快递: 0.00,正品保证;赠运费险;极速退款;七天退换,小玻翻翻纸板书系列Where's Spot英文原版童书my first library,115.0
"满199减10,满299减30,满499减60,可跨店",图书,广东深圳,276.0,快递: 0.00,正品保证;赠运费险;极速退款;七天退换,#J1艾瑞卡尔Eric Carle's Story Library 4册好饿毛毛虫盒装纸板,121.5
"满199减10,满299减30,满499减60,可跨店",图书,北京,201.0,快递: 0.00,正品保证;赠运费险;极速退款;七天退换,亚马逊My first I can read入门级:皮特猫系列套装8册绘本原版书,100.0
"满199减10,满299减30,满499减60,可跨店",图书,江苏南京,298.0,快递: 0.00,正品保证;赠运费险;极速退款;七天退换,预售牛津图解词典Oxford Picture Dictionary: Eng中英文原版,108.0
"满199减10,满299减30,满499减60,可跨店",图书,广东广州,104.58,快递: 0.00,正品保证;赠运费险;极速退款;七天退换,鹅妈妈童谣英文绘本原版书启蒙廖彩杏My Very First Mother Goose,48.8
"满199减10,满299减30,满499减60,可跨店",图书,湖北武汉,648.0,快递: 0.0,正品保证;赠运费险;极速退款;七天退换,Usborne：My First Reading Library 我的第一个图书馆 50册,284.0
"满499减10,满1999减40,满9999减300,可跨店",图书,广东广州,25800.0,快递: 0.00,正品保证;公益宝贝;赠运费险;极速退款;七天退换,[念琴琴行]全新正品珠江钢琴QJ120全新钢琴实木专业级立式钢琴,18800.0
"满499减10,满1999减40,满9999减300,可跨店",图书,浙江嘉兴,2559.0,快递: 0.0,正品保证;公益宝贝;赠运费险;极速退款;七天退换,顺丰雅马哈电钢琴88键重锤P48 数码钢琴成人电子钢琴智能钢琴P95,2212.0
"满499减10,满1999减40,满9999减300,可跨店",图书,广东广州,19000.0,快递: 0.0,正品保证;赠运费险;极速退款;七天退换,珠江钢琴旗舰店 高端全新立式钢琴德国工艺 家庭教学专用c2s,15480.0
"满499减10,满1999减40,满9999减300,可跨店",图书,浙江嘉兴,2559.0,快递: 0.0,正品保证;公益宝贝;赠运费险;极速退款;七天退换,顺丰雅马哈电钢琴88键重锤P48 数码钢琴成人电子钢琴智能钢琴P95,2293.0
"满499减10,满1999减40,满9999减300,可跨店",图书,广东广州,19000.0,快递: 0.0,正品保证;赠运费险;极速退款;七天退换,珠江钢琴旗舰店 高端全新立式钢琴德国工艺 家庭教学专用c2s,15480.0
"满499减10,满1999减40,满9999减300,可跨店",图书,浙江嘉兴,2499.0,快递: 0.0,正品保证;公益宝贝;赠运费险;极速退款;七天退换,顺丰雅马哈电钢琴88键重锤P48 数码钢琴成人电子钢琴智能钢琴P95,2158.0
"满499减10,满1999减40,满9999减300,可跨店",图书,广东广州,19000.0,快递: 0.0,正品保证;赠运费险;极速退款;七天退换,珠江钢琴旗舰店 高端全新立式钢琴德国工艺 家庭教学专用c2s,15480.0
"满499减10,满1999减40,满9999减300,可跨店",图书,北京,7699.0,快递: 0.00,正品保证;公益宝贝;赠运费险;极速退款;七天退换,The ONE智能钢琴 电钢琴88键重锤烤漆轻奢数码钢琴,5999.0
"满499减10,满1999减40,满9999减300,可跨店",图书,浙江嘉兴,3289.0,快递: 0.0,正品保证;公益宝贝;赠运费险;极速退款;七天退换,顺丰雅马哈电钢琴88键重锤P48 数码钢琴成人电子钢琴智能钢琴P95,2869.0
"满499减10,满1999减40,满9999减300,可跨店",图书,北京,7799.0,快递: 0.00,正品保证;公益宝贝;赠运费险;极速退款;七天退换,The ONE智能钢琴 电钢琴88键重锤烤漆轻奢数码钢琴,5999.0
"满499减10,满1999减40,满9999减300,可跨店",图书,浙江嘉兴,2949.0,快递: 0.0,正品保证;公益宝贝;赠运费险;极速退款;七天退换,顺丰雅马哈电钢琴88键重锤P48 数码钢琴成人电子钢琴智能钢琴P95,2554.0
"满499减10,满1999减40,满9999减300,可跨店",图书,北京,3750.0,快递: 0.00,正品保证;公益宝贝;赠运费险;极速退款;七天退换,雅马哈电钢琴P115B P-115WH数码钢琴88键重锤 p105升级型电子钢琴,2932.0
"满499减10,满1999减40,满9999减300,可跨店",图书,江苏淮安,4490.0,快递: 0.00,正品保证;公益宝贝;赠运费险;极速退款;七天退换,顺丰雅马哈电钢琴P-115B P115WH智能电子数码钢琴88键重锤包邮,3598.0
"满499减10,满1999减40,满9999减300,可跨店",图书,北京,3700.0,快递: 0.00,正品保证;公益宝贝;赠运费险;极速退款;七天退换,雅马哈电钢琴P115B P-115WH数码钢琴88键重锤 p105升级型电子钢琴,2888.0
"满499减10,满1999减40,满9999减300,可跨店",图书,江苏淮安,4240.0,快递: 0.00,正品保证;公益宝贝;赠运费险;极速退款;七天退换,顺丰雅马哈电钢琴P-115B P115WH智能电子数码钢琴88键重锤包邮,3373.0
"满499减10,满1999减40,满9999减300,可跨店",图书,北京,4140.0,快递: 0.00,正品保证;公益宝贝;赠运费险;极速退款;七天退换,雅马哈电钢琴P115B P-115WH数码钢琴88键重锤 p105升级型电子钢琴,3283.0
"满499减10,满1999减40,满9999减300,可跨店",图书,江苏淮安,3950.0,快递: 0.00,正品保证;公益宝贝;赠运费险;极速退款;七天退换,顺丰雅马哈电钢琴P-115B P115WH智能电子数码钢琴88键重锤包邮,3022.0
"满499减10,满1999减40,满9999减300,可跨店",图书,北京,3900.0,快递: 0.00,正品保证;公益宝贝;赠运费险;极速退款;七天退换,雅马哈电钢琴P115B P-115WH数码钢琴88键重锤 p105升级型电子钢琴,3067.0
"满499减10,满1999减40,满9999减300,可跨店",图书,江苏淮安,4000.0,快递: 0.00,正品保证;公益宝贝;赠运费险;极速退款;七天退换,顺丰雅马哈电钢琴P-115B P115WH智能电子数码钢琴88键重锤包邮,3157.0
"满499减10,满1999减40,满9999减300,可跨店",图书,北京,4490.0,快递: 0.00,正品保证;公益宝贝;赠运费险;极速退款;七天退换,雅马哈电钢琴P115B P-115WH数码钢琴88键重锤 p105升级型电子钢琴,3598.0
"满499减10,满1999减40,满9999减300,可跨店",图书,江苏淮安,3700.0,快递: 0.00,正品保证;公益宝贝;赠运费险;极速退款;七天退换,顺丰雅马哈电钢琴P-115B P115WH智能电子数码钢琴88键重锤包邮,2887.0
"满499减10,满1999减40,满9999减300,可跨店",图书,北京,4590.0,快递: 0.00,正品保证;公益宝贝;赠运费险;极速退款;七天退换,雅马哈电钢琴P115B P-115WH数码钢琴88键重锤 p105升级型电子钢琴,3688.0
"满499减10,满1999减40,满9999减300,可跨店",图书,北京,4240.0,快递: 0.00,正品保证;公益宝贝;赠运费险;极速退款;七天退换,雅马哈电钢琴P115B P-115WH数码钢琴88键重锤 p105升级型电子钢琴,3373.0
"满499减10,满1999减40,满9999减300,可跨店",图书,江苏淮安,3900.0,快递: 0.00,正品保证;公益宝贝;赠运费险;极速退款;七天退换,顺丰雅马哈电钢琴P-115B P115WH智能电子数码钢琴88键重锤包邮,3067.0
"满499减10,满1999减40,满9999减300,可跨店",图书,北京,3850.0,快递: 0.00,正品保证;公益宝贝;赠运费险;极速退款;七天退换,雅马哈电钢琴P115B P-115WH数码钢琴88键重锤 p105升级型电子钢琴,3023.0
"满499减10,满1999减40,满9999减300,可跨店",图书,江苏淮安,3800.0,快递: 0.00,正品保证;公益宝贝;赠运费险;极速退款;七天退换,顺丰雅马哈电钢琴P-115B P115WH智能电子数码钢琴88键重锤包邮,2977.0
"满499减10,满1999减40,满9999减300,可跨店",图书,江苏淮安,4140.0,快递: 0.00,正品保证;公益宝贝;赠运费险;极速退款;七天退换,顺丰雅马哈电钢琴P-115B P115WH智能电子数码钢琴88键重锤包邮,3283.0
"满499减10,满1999减40,满9999减300,可跨店",图书,江苏淮安,3850.0,快递: 0.00,正品保证;公益宝贝;赠运费险;极速退款;七天退换,顺丰雅马哈电钢琴P-115B P115WH智能电子数码钢琴88键重锤包邮,2932.0
"满499减10,满1999减40,满9999减300,可跨店",图书,北京,3800.0,快递: 0.00,正品保证;公益宝贝;赠运费险;极速退款;七天退换,雅马哈电钢琴P115B P-115WH数码钢琴88键重锤 p105升级型电子钢琴,2977.0
"满499减10,满1999减40,满9999减300,可跨店",图书,江苏淮安,4590.0,快递: 0.00,正品保证;公益宝贝;赠运费险;极速退款;七天退换,顺丰雅马哈电钢琴P-115B P115WH智能电子数码钢琴88键重锤包邮,3688.0
"满499减10,满1999减40,满9999减300,可跨店",图书,北京,3850.0,快递: 0.00,正品保证;公益宝贝;赠运费险;极速退款;七天退换,雅马哈电钢琴P115B P-115WH数码钢琴88键重锤 p105升级型电子钢琴,2978.0
"满499减10,满1999减40,满9999减300,可跨店",图书,北京,3950.0,快递: 0.00,正品保证;公益宝贝;赠运费险;极速退款;七天退换,雅马哈电钢琴P115B P-115WH数码钢琴88键重锤 p105升级型电子钢琴,3068.0
"满499减10,满1999减40,满9999减300,可跨店",图书,北京,4000.0,快递: 0.00,正品保证;公益宝贝;赠运费险;极速退款;七天退换,雅马哈电钢琴P115B P-115WH数码钢琴88键重锤 p105升级型电子钢琴,3157.0
"满499减10,满1999减40,满9999减300,可跨店",图书,浙江嘉兴,3000.0,快递: 0.0,正品保证;公益宝贝;赠运费险;极速退款;七天退换,顺丰雅马哈电子琴KB291 KB280升级电子琴61键成人电子琴儿童考级,2339.0
"满499减10,满1999减40,满9999减300,可跨店",图书,浙江嘉兴,2800.0,快递: 0.0,正品保证;公益宝贝;赠运费险;极速退款;七天退换,顺丰雅马哈电子琴KB291 KB280升级电子琴61键成人电子琴儿童考级,2294.0
"满499减10,满1999减40,满9999减300,可跨店",图书,北京,1999.0,快递: 0.00,正品保证;公益宝贝;赠运费险;极速退款;七天退换,The ONE智能钢琴61键智能电子琴壹枱专业成人儿童电钢琴包邮,1499.0
"满499减10,满1999减40,满9999减300,可跨店",图书,北京,2099.0,快递: 0.00,正品保证;公益宝贝;赠运费险;极速退款;七天退换,The ONE智能钢琴61键智能电子琴壹枱专业成人儿童电钢琴包邮,1499.0
"满499减10,满1999减40,满9999减300,可跨店",图书,上海,2626.0,快递: 0.00,正品保证;赠运费险;极速退款;七天退换,增强版Epiphone Les Paul Standard Pro电吉他Special1956Slash,2200.0
"满499减10,满1999减40,满9999减300,可跨店",图书,广东广州,2280.0,快递: 0.00,正品保证;赠运费险;极速退款;七天退换,拿火吉他LAVAGUITAR单板吉他41寸初学者民谣电箱木吉他新手学生,1780.0
"满499减10,满1999减40,满9999减300,可跨店",图书,广东广州,3580.0,快递: 0.00,正品保证;赠运费险;极速退款;七天退换,拿火吉他LAVAGUITAR单板吉他41寸初学者民谣电箱木吉他新手学生,2880.0
"满499减10,满1999减40,满9999减300,可跨店",图书,上海,2525.0,快递: 0.00,正品保证;赠运费险;极速退款;七天退换,增强版Epiphone Les Paul Standard Pro电吉他Special1956Slash,2068.0
"满499减10,满1999减40,满9999减300,可跨店",图书,广东广州,3280.0,快递: 0.00,正品保证;赠运费险;极速退款;七天退换,拿火吉他LAVAGUITAR单板吉他41寸初学者民谣电箱木吉他新手学生,2680.0
"满499减10,满1999减40,满9999减300,可跨店",图书,上海,3030.0,快递: 0.00,正品保证;赠运费险;极速退款;七天退换,增强版Epiphone Les Paul Standard Pro电吉他Special1956Slash,2552.0
"满499减10,满1999减40,满9999减300,可跨店",图书,上海,3030.0,快递: 0.00,正品保证;赠运费险;极速退款;七天退换,增强版Epiphone Les Paul Standard Pro电吉他Special1956Slash,2552.0
"满499减10,满1999减40,满9999减300,可跨店",图书,上海,2980.0,快递: 0.00,正品保证;赠运费险;极速退款;七天退换,增强版Epiphone Les Paul Standard Pro电吉他Special1956Slash,2508.0
"满499减10,满1999减40,满9999减300,可跨店",图书,广东广州,2880.0,快递: 0.00,正品保证;赠运费险;极速退款;七天退换,拿火吉他LAVAGUITAR单板吉他41寸初学者民谣电箱木吉他新手学生,2280.0
"满499减10,满1999减40,满9999减300,可跨店",图书,广东广州,2580.0,快递: 0.00,正品保证;赠运费险;极速退款;七天退换,拿火吉他LAVAGUITAR单板吉他41寸初学者民谣电箱木吉他新手学生,1980.0
"满499减10,满1999减40,满9999减300,可跨店",图书,广东广州,2280.0,快递: 0.00,正品保证;赠运费险;极速退款;七天退换,拿火吉他LAVAGUITAR单板吉他41寸初学者民谣电箱木吉他新手学生,1780.0
"满499减10,满1999减40,满9999减300,可跨店",图书,上海,2525.0,快递: 0.00,正品保证;赠运费险;极速退款;七天退换,增强版Epiphone Les Paul Standard Pro电吉他Special1956Slash,2200.0
"满499减10,满1999减40,满9999减300,可跨店",图书,广东广州,2580.0,快递: 0.00,正品保证;赠运费险;极速退款;七天退换,拿火吉他LAVAGUITAR单板吉他41寸初学者民谣电箱木吉他新手学生,1980.0
"满499减10,满1999减40,满9999减300,可跨店",图书,广东广州,1175.0,快递: 0.00,正品保证;公益宝贝;赠运费险;极速退款;七天退换,分期购正品Deviser吉他单板民谣吉他41寸电箱木吉它初学指弹jita,765.0
"满499减10,满1999减40,满9999减300,可跨店",图书,广东广州,2580.0,快递: 0.00,正品保证;赠运费险;极速退款;七天退换,拿火吉他LAVAGUITAR单板吉他41寸初学者民谣电箱木吉他新手学生,1980.0
"满499减10,满1999减40,满9999减300,可跨店",图书,上海,2980.0,快递: 0.00,正品保证;赠运费险;极速退款;七天退换,增强版Epiphone Les Paul Standard Pro电吉他Special1956Slash,2464.0
"满499减10,满1999减40,满9999减300,可跨店",图书,广东广州,2880.0,快递: 0.00,正品保证;赠运费险;极速退款;七天退换,拿火吉他LAVAGUITAR单板吉他41寸初学者民谣电箱木吉他新手学生,2280.0
"满499减10,满1999减40,满9999减300,可跨店",图书,广东广州,1255.0,快递: 0.00,正品保证;公益宝贝;赠运费险;极速退款;七天退换,分期购正品Deviser吉他单板民谣吉他41寸电箱木吉它初学指弹jita,1000.0
"满499减10,满1999减40,满9999减300,可跨店",图书,上海,1817.0,快递: 0.00,正品保证;赠运费险;极速退款;七天退换,增强版Epiphone Les Paul Standard Pro电吉他Special1956Slash,1539.12
"满499减10,满1999减40,满9999减300,可跨店",图书,上海,2525.0,快递: 0.00,正品保证;赠运费险;极速退款;七天退换,增强版Epiphone Les Paul Standard Pro电吉他Special1956Slash,2068.0
"满499减10,满1999减40,满9999减300,可跨店",图书,广东广州,1600.0,快递: 0.00,正品保证;赠运费险;极速退款;七天退换,米维斯1 云杉玫瑰木单板拉维斯民谣初学吉他 36/41寸圆角缺角包邮,629.0
"满499减10,满1999减40,满9999减300,可跨店",图书,广东广州,1255.0,快递: 0.00,正品保证;公益宝贝;赠运费险;极速退款;七天退换,分期购正品Deviser吉他单板民谣吉他41寸电箱木吉它初学指弹jita,815.0
"满499减10,满1999减40,满9999减300,可跨店",图书,广东广州,3180.0,快递: 0.00,正品保证;赠运费险;极速退款;七天退换,拿火吉他LAVAGUITAR单板吉他41寸初学者民谣电箱木吉他新手学生,2580.0
"满499减10,满1999减40,满9999减300,可跨店",图书,上海,2525.0,快递: 0.00,正品保证;赠运费险;极速退款;七天退换,增强版Epiphone Les Paul Standard Pro电吉他Special1956Slash,2112.0
"满499减10,满1999减40,满9999减300,可跨店",图书,广东广州,1600.0,快递: 0.00,正品保证;赠运费险;极速退款;七天退换,米维斯1 云杉玫瑰木单板拉维斯民谣初学吉他 36/41寸圆角缺角包邮,629.0
"满499减10,满1999减40,满9999减300,可跨店",图书,广东广州,950.0,快递: 0.00,正品保证;公益宝贝;赠运费险;极速退款;七天退换,分期购正品Deviser吉他单板民谣吉他41寸电箱木吉它初学指弹jita,585.0
"满499减10,满1999减40,满9999减300,可跨店",图书,广东广州,2080.0,快递: 0.00,正品保证;赠运费险;极速退款;七天退换,拿火吉他LAVAGUITAR单板吉他41寸初学者民谣电箱木吉他新手学生,1580.0
"满499减10,满1999减40,满9999减300,可跨店",图书,上海,3030.0,快递: 0.00,正品保证;赠运费险;极速退款;七天退换,增强版Epiphone Les Paul Standard Pro电吉他Special1956Slash,2481.6
"满499减10,满1999减40,满9999减300,可跨店",图书,上海,2525.0,快递: 0.00,正品保证;赠运费险;极速退款;七天退换,增强版Epiphone Les Paul Standard Pro电吉他Special1956Slash,2068.0
"满499减10,满1999减40,满9999减300,可跨店",图书,广东广州,975.0,快递: 0.00,正品保证;公益宝贝;赠运费险;极速退款;七天退换,分期购正品Deviser吉他单板民谣吉他41寸电箱木吉它初学指弹jita,620.0
"满499减10,满1999减40,满9999减300,可跨店",图书,广东广州,950.0,快递: 0.00,正品保证;公益宝贝;赠运费险;极速退款;七天退换,分期购正品Deviser吉他单板民谣吉他41寸电箱木吉它初学指弹jita,585.0
"满499减10,满1999减40,满9999减300,可跨店",图书,上海,2980.0,快递: 0.00,正品保证;赠运费险;极速退款;七天退换,增强版Epiphone Les Paul Standard Pro电吉他Special1956Slash,2508.0
"满499减10,满1999减40,满9999减300,可跨店",图书,上海,2980.0,快递: 0.00,正品保证;赠运费险;极速退款;七天退换,增强版Epiphone Les Paul Standard Pro电吉他Special1956Slash,2508.0
"满499减10,满1999减40,满9999减300,可跨店",图书,上海,3030.0,快递: 0.00,正品保证;赠运费险;极速退款;七天退换,增强版Epiphone Les Paul Standard Pro电吉他Special1956Slash,2552.0
"满499减10,满1999减40,满9999减300,可跨店",图书,上海,2525.0,快递: 0.00,正品保证;赠运费险;极速退款;七天退换,增强版Epiphone Les Paul Standard Pro电吉他Special1956Slash,2200.0
"满499减10,满1999减40,满9999减300,可跨店",图书,广东广州,950.0,快递: 0.00,正品保证;公益宝贝;赠运费险;极速退款;七天退换,分期购正品Deviser吉他单板民谣吉他41寸电箱木吉它初学指弹jita,585.0
"满499减10,满1999减40,满9999减300,可跨店",图书,上海,2525.0,快递: 0.00,正品保证;赠运费险;极速退款;七天退换,增强版Epiphone Les Paul Standard Pro电吉他Special1956Slash,2112.0
"满499减10,满1999减40,满9999减300,可跨店",图书,上海,2525.0,快递: 0.00,正品保证;赠运费险;极速退款;七天退换,增强版Epiphone Les Paul Standard Pro电吉他Special1956Slash,2112.0
"满499减10,满1999减40,满9999减300,可跨店",图书,上海,2525.0,快递: 0.00,正品保证;赠运费险;极速退款;七天退换,增强版Epiphone Les Paul Standard Pro电吉他Special1956Slash,2112.0
"满499减10,满1999减40,满9999减300,可跨店",图书,上海,3030.0,快递: 0.00,正品保证;赠运费险;极速退款;七天退换,增强版Epiphone Les Paul Standard Pro电吉他Special1956Slash,2481.6
"满499减10,满1999减40,满9999减300,可跨店",图书,上海,2677.0,快递: 0.00,正品保证;赠运费险;极速退款;七天退换,增强版Epiphone Les Paul Standard Pro电吉他Special1956Slash,2244.0
"满499减10,满1999减40,满9999减300,可跨店",图书,上海,3081.0,快递: 0.00,正品保证;赠运费险;极速退款;七天退换,增强版Epiphone Les Paul Standard Pro电吉他Special1956Slash,2596.0
"满499减10,满1999减40,满9999减300,可跨店",图书,上海,2980.0,快递: 0.00,正品保证;赠运费险;极速退款;七天退换,增强版Epiphone Les Paul Standard Pro电吉他Special1956Slash,2464.0
"满499减10,满1999减40,满9999减300,可跨店",图书,福建福州,965.0,快递: 0.00,正品保证;公益宝贝;赠运费险;极速退款;七天退换,星辰吉他星臣民谣41寸木吉它入门初学者学生新手练习男女jita乐器,482.0
"满499减10,满1999减40,满9999减300,可跨店",图书,福建福州,1056.0,快递: 0.00,正品保证;公益宝贝;赠运费险;极速退款;七天退换,星辰吉他星臣民谣41寸木吉它入门初学者学生新手练习男女jita乐器,528.0
"满499减10,满1999减40,满9999减300,可跨店",图书,上海,3030.0,快递: 0.00,正品保证;赠运费险;极速退款;七天退换,增强版Epiphone Les Paul Standard Pro电吉他Special1956Slash,2552.0
"满499减10,满1999减40,满9999减300,可跨店",图书,广东深圳,1018.0,快递: 0.00,正品保证;赠运费险;极速退款;七天退换,卡马吉他卡玛民谣电箱41寸d1c初学者木吉他新手练习入门jita吉它,509.0
"满499减10,满1999减40,满9999减300,可跨店",图书,福建福州,965.0,快递: 0.00,正品保证;公益宝贝;赠运费险;极速退款;七天退换,星辰吉他星臣民谣41寸木吉它入门初学者学生新手练习男女jita乐器,482.0
"满499减10,满1999减40,满9999减300,可跨店",图书,福建福州,1056.0,快递: 0.00,正品保证;公益宝贝;赠运费险;极速退款;七天退换,星辰吉他星臣民谣41寸木吉它入门初学者学生新手练习男女jita乐器,528.0
"满499减10,满1999减40,满9999减300,可跨店",图书,广东深圳,1018.0,快递: 0.00,正品保证;赠运费险;极速退款;七天退换,卡马吉他卡玛民谣电箱41寸d1c初学者木吉他新手练习入门jita吉它,509.0
"满499减10,满1999减40,满9999减300,可跨店",图书,广东深圳,1430.0,快递: 0.00,正品保证;赠运费险;极速退款;七天退换,卡马吉他卡玛民谣电箱41寸d1c初学者木吉他新手练习入门jita吉它,715.0
"满499减10,满1999减40,满9999减300,可跨店",图书,广东深圳,1430.0,快递: 0.00,正品保证;赠运费险;极速退款;七天退换,卡马吉他卡玛民谣电箱41寸d1c初学者木吉他新手练习入门jita吉它,715.0
"满499减10,满1999减40,满9999减300,可跨店",图书,福建福州,1056.0,快递: 0.00,正品保证;公益宝贝;赠运费险;极速退款;七天退换,星辰吉他星臣民谣41寸木吉它入门初学者学生新手练习男女jita乐器,528.0
"满499减10,满1999减40,满9999减300,可跨店",图书,广东深圳,1018.0,快递: 0.00,正品保证;赠运费险;极速退款;七天退换,卡马吉他卡玛民谣电箱41寸d1c初学者木吉他新手练习入门jita吉它,509.0
"满499减10,满1999减40,满9999减300,可跨店",图书,福建福州,1056.0,快递: 0.00,正品保证;公益宝贝;赠运费险;极速退款;七天退换,星辰吉他星臣民谣41寸木吉它入门初学者学生新手练习男女jita乐器,528.0
"满499减10,满1999减40,满9999减300,可跨店",图书,广东惠州,699.0,快递: 0.00,正品保证;赠运费险;极速退款;七天退换,enya恩雅X1 全单尤克里里23寸初学者ukulele乌克丽丽小吉他 电箱,629.1
"满499减10,满1999减40,满9999减300,可跨店",图书,广东深圳,1018.0,快递: 0.00,正品保证;赠运费险;极速退款;七天退换,卡马吉他卡玛民谣电箱41寸d1c初学者木吉他新手练习入门jita吉它,509.0
"满499减10,满1999减40,满9999减300,可跨店",图书,福建福州,1056.0,快递: 0.00,正品保证;公益宝贝;赠运费险;极速退款;七天退换,星辰吉他星臣民谣41寸木吉它入门初学者学生新手练习男女jita乐器,528.0
"满499减10,满1999减40,满9999减300,可跨店",图书,广东惠州,699.0,快递: 0.00,正品保证;赠运费险;极速退款;七天退换,enya恩雅X1 全单尤克里里23寸初学者ukulele乌克丽丽小吉他 电箱,629.1
"满499减10,满1999减40,满9999减300,可跨店",图书,福建福州,965.0,快递: 0.00,正品保证;公益宝贝;赠运费险;极速退款;七天退换,星辰吉他星臣民谣41寸木吉它入门初学者学生新手练习男女jita乐器,482.0
"满499减10,满1999减40,满9999减300,可跨店",图书,广东深圳,1490.0,快递: 0.00,正品保证;赠运费险;极速退款;七天退换,卡马吉他卡玛民谣电箱41寸d1c初学者木吉他新手练习入门jita吉它,743.9
"满499减10,满1999减40,满9999减300,可跨店",图书,广东惠州,799.0,快递: 0.00,正品保证;赠运费险;极速退款;七天退换,enya恩雅X1 全单尤克里里23寸初学者ukulele乌克丽丽小吉他 电箱,719.1
"满499减10,满1999减40,满9999减300,可跨店",图书,福建福州,965.0,快递: 0.00,正品保证;公益宝贝;赠运费险;极速退款;七天退换,星辰吉他星臣民谣41寸木吉它入门初学者学生新手练习男女jita乐器,482.0
"满499减10,满1999减40,满9999减300,可跨店",图书,广东深圳,1018.0,快递: 0.00,正品保证;赠运费险;极速退款;七天退换,卡马吉他卡玛民谣电箱41寸d1c初学者木吉他新手练习入门jita吉它,509.0
"满499减10,满1999减40,满9999减300,可跨店",图书,广东惠州,899.0,快递: 0.00,正品保证;赠运费险;极速退款;七天退换,enya恩雅X1 全单尤克里里23寸初学者ukulele乌克丽丽小吉他 电箱,809.1
"满499减10,满1999减40,满9999减300,可跨店",图书,福建福州,965.0,快递: 0.00,正品保证;公益宝贝;赠运费险;极速退款;七天退换,星辰吉他星臣民谣41寸木吉它入门初学者学生新手练习男女jita乐器,482.0
"满499减10,满1999减40,满9999减300,可跨店",图书,广东深圳,1430.0,快递: 0.00,正品保证;赠运费险;极速退款;七天退换,卡马吉他卡玛民谣电箱41寸d1c初学者木吉他新手练习入门jita吉它,715.0
"满499减10,满1999减40,满9999减300,可跨店",图书,福建福州,1056.0,快递: 0.00,正品保证;公益宝贝;赠运费险;极速退款;七天退换,星辰吉他星臣民谣41寸木吉它入门初学者学生新手练习男女jita乐器,528.0
"满499减10,满1999减40,满9999减300,可跨店",图书,福建福州,965.0,快递: 0.00,正品保证;公益宝贝;赠运费险;极速退款;七天退换,星辰吉他星臣民谣41寸木吉它入门初学者学生新手练习男女jita乐器,482.0
"满499减10,满1999减40,满9999减300,可跨店",图书,广东惠州,999.0,快递: 0.00,正品保证;赠运费险;极速退款;七天退换,enya恩雅X1 全单尤克里里23寸初学者ukulele乌克丽丽小吉他 电箱,899.1
"满499减10,满1999减40,满9999减300,可跨店",图书,广东深圳,1430.0,快递: 0.00,正品保证;赠运费险;极速退款;七天退换,卡马吉他卡玛民谣电箱41寸d1c初学者木吉他新手练习入门jita吉它,715.0
"满499减10,满1999减40,满9999减300,可跨店",图书,广东深圳,1490.0,快递: 0.00,正品保证;赠运费险;极速退款;七天退换,卡马吉他卡玛民谣电箱41寸d1c初学者木吉他新手练习入门jita吉它,745.0
"满499减10,满1999减40,满9999减300,可跨店",图书,广东广州,336.0,快递: 0.00,正品保证;公益宝贝;赠运费险;极速退款;七天退换,卢森正品尤克里里乌克丽丽21寸23寸26寸小吉他ukulele初学者乐器,158.0
"满499减10,满1999减40,满9999减300,可跨店",图书,福建福州,965.0,快递: 0.00,正品保证;公益宝贝;赠运费险;极速退款;七天退换,星辰吉他星臣民谣41寸木吉它入门初学者学生新手练习男女jita乐器,482.0
"满499减10,满1999减40,满9999减300,可跨店",图书,广东广州,336.0,快递: 0.00,正品保证;公益宝贝;赠运费险;极速退款;七天退换,卢森正品尤克里里乌克丽丽21寸23寸26寸小吉他ukulele初学者乐器,138.0
"满499减10,满1999减40,满9999减300,可跨店",图书,广东深圳,1490.0,快递: 0.00,正品保证;赠运费险;极速退款;七天退换,卡马吉他卡玛民谣电箱41寸d1c初学者木吉他新手练习入门jita吉它,745.0
"满499减10,满1999减40,满9999减300,可跨店",图书,广东广州,336.0,快递: 0.00,正品保证;公益宝贝;赠运费险;极速退款;七天退换,卢森正品尤克里里乌克丽丽21寸23寸26寸小吉他ukulele初学者乐器,158.0
"满499减10,满1999减40,满9999减300,可跨店",图书,福建福州,1000.0,快递: 0.00,正品保证;公益宝贝;赠运费险;极速退款;七天退换,星辰吉他星臣民谣41寸木吉它入门初学者学生新手练习男女jita乐器,500.0
"满499减10,满1999减40,满9999减300,可跨店",图书,广东深圳,1018.0,快递: 0.00,正品保证;赠运费险;极速退款;七天退换,卡马吉他卡玛民谣电箱41寸d1c初学者木吉他新手练习入门jita吉它,509.0
"满499减10,满1999减40,满9999减300,可跨店",图书,广东广州,398.0,快递: 0.00,正品保证;公益宝贝;赠运费险;极速退款;七天退换,卢森正品尤克里里乌克丽丽21寸23寸26寸小吉他ukulele初学者乐器,178.0
"满499减10,满1999减40,满9999减300,可跨店",图书,福建福州,1056.0,快递: 0.00,正品保证;公益宝贝;赠运费险;极速退款;七天退换,星辰吉他星臣民谣41寸木吉它入门初学者学生新手练习男女jita乐器,528.0
"满499减10,满1999减40,满9999减300,可跨店",图书,福建福州,965.0,快递: 0.00,正品保证;公益宝贝;赠运费险;极速退款;七天退换,星辰吉他星臣民谣41寸木吉它入门初学者学生新手练习男女jita乐器,482.0
"满499减10,满1999减40,满9999减300,可跨店",图书,广东深圳,2598.0,快递: 0.00,正品保证;赠运费险;极速退款;七天退换,卡马吉他卡玛民谣电箱41寸d1c初学者木吉他新手练习入门jita吉它,1299.0
"满499减10,满1999减40,满9999减300,可跨店",图书,广东广州,398.0,快递: 0.00,正品保证;公益宝贝;赠运费险;极速退款;七天退换,卢森正品尤克里里乌克丽丽21寸23寸26寸小吉他ukulele初学者乐器,178.0
"满499减10,满1999减40,满9999减300,可跨店",图书,广东深圳,1018.0,快递: 0.00,正品保证;赠运费险;极速退款;七天退换,卡马吉他卡玛民谣电箱41寸d1c初学者木吉他新手练习入门jita吉它,509.0
"满499减10,满1999减40,满9999减300,可跨店",图书,福建福州,965.0,快递: 0.00,正品保证;公益宝贝;赠运费险;极速退款;七天退换,星辰吉他星臣民谣41寸木吉它入门初学者学生新手练习男女jita乐器,482.0
"满499减10,满1999减40,满9999减300,可跨店",图书,福建福州,1056.0,快递: 0.00,正品保证;公益宝贝;赠运费险;极速退款;七天退换,星辰吉他星臣民谣41寸木吉它入门初学者学生新手练习男女jita乐器,528.0
"满499减10,满1999减40,满9999减300,可跨店",图书,广东深圳,1490.0,快递: 0.00,正品保证;赠运费险;极速退款;七天退换,卡马吉他卡玛民谣电箱41寸d1c初学者木吉他新手练习入门jita吉它,745.0
"满499减10,满1999减40,满9999减300,可跨店",图书,广东广州,336.0,快递: 0.00,正品保证;公益宝贝;赠运费险;极速退款;七天退换,卢森正品尤克里里乌克丽丽21寸23寸26寸小吉他ukulele初学者乐器,138.0
"满499减10,满1999减40,满9999减300,可跨店",图书,广东深圳,1490.0,快递: 0.00,正品保证;赠运费险;极速退款;七天退换,卡马吉他卡玛民谣电箱41寸d1c初学者木吉他新手练习入门jita吉它,745.0
"满499减10,满1999减40,满9999减300,可跨店",图书,广东深圳,2598.0,快递: 0.00,正品保证;赠运费险;极速退款;七天退换,卡马吉他卡玛民谣电箱41寸d1c初学者木吉他新手练习入门jita吉它,1299.0
"满499减10,满1999减40,满9999减300,可跨店",图书,福建福州,1056.0,快递: 0.00,正品保证;公益宝贝;赠运费险;极速退款;七天退换,星辰吉他星臣民谣41寸木吉它入门初学者学生新手练习男女jita乐器,528.0
"满499减10,满1999减40,满9999减300,可跨店",图书,福建福州,965.0,快递: 0.00,正品保证;公益宝贝;赠运费险;极速退款;七天退换,星辰吉他星臣民谣41寸木吉它入门初学者学生新手练习男女jita乐器,482.0
"满499减10,满1999减40,满9999减300,可跨店",图书,福建福州,1056.0,快递: 0.00,正品保证;公益宝贝;赠运费险;极速退款;七天退换,星辰吉他星臣民谣41寸木吉它入门初学者学生新手练习男女jita乐器,528.0
"满499减10,满1999减40,满9999减300,可跨店",图书,江苏扬州,4800.0,快递: 0.0,正品保证;公益宝贝;赠运费险;极速退款;七天退换,润扬专业浮雕楠木实木回纹古筝 大师签名考级演奏乐器一级梧桐木,1338.0
"满499减10,满1999减40,满9999减300,可跨店",图书,广东深圳,1490.0,快递: 0.00,正品保证;赠运费险;极速退款;七天退换,卡马吉他卡玛民谣电箱41寸d1c初学者木吉他新手练习入门jita吉它,743.9
"满499减10,满1999减40,满9999减300,可跨店",图书,北京,1200.0,快递: 0.00,正品保证;赠运费险;极速退款;七天退换,北京星海红檀二胡老红木色专利音乐之海专业演奏收藏二胡乐器,560.0
"满499减10,满1999减40,满9999减300,可跨店",图书,江苏扬州,4800.0,快递: 0.0,正品保证;公益宝贝;赠运费险;极速退款;七天退换,润扬专业浮雕楠木实木回纹古筝 大师签名考级演奏乐器一级梧桐木,1338.0
"满499减10,满1999减40,满9999减300,可跨店",图书,福建福州,1056.0,快递: 0.00,正品保证;公益宝贝;赠运费险;极速退款;七天退换,星辰吉他星臣民谣41寸木吉它入门初学者学生新手练习男女jita乐器,528.0
"满499减10,满1999减40,满9999减300,可跨店",图书,福建福州,1056.0,快递: 0.00,正品保证;公益宝贝;赠运费险;极速退款;七天退换,星辰吉他星臣民谣41寸木吉它入门初学者学生新手练习男女jita乐器,528.0
"满499减10,满1999减40,满9999减300,可跨店",图书,广东深圳,1490.0,快递: 0.00,正品保证;赠运费险;极速退款;七天退换,卡马吉他卡玛民谣电箱41寸d1c初学者木吉他新手练习入门jita吉它,743.9
"满499减10,满1999减40,满9999减300,可跨店",图书,福建福州,1056.0,快递: 0.00,正品保证;公益宝贝;赠运费险;极速退款;七天退换,星辰吉他星臣民谣41寸木吉它入门初学者学生新手练习男女jita乐器,528.0
"满499减10,满1999减40,满9999减300,可跨店",图书,广东深圳,1490.0,快递: 0.00,正品保证;赠运费险;极速退款;七天退换,卡马吉他卡玛民谣电箱41寸d1c初学者木吉他新手练习入门jita吉它,745.0
"满499减10,满1999减40,满9999减300,可跨店",图书,广东深圳,2598.0,快递: 0.00,正品保证;赠运费险;极速退款;七天退换,卡马吉他卡玛民谣电箱41寸d1c初学者木吉他新手练习入门jita吉它,1299.0
"满499减10,满1999减40,满9999减300,可跨店",图书,广东深圳,2598.0,快递: 0.00,正品保证;赠运费险;极速退款;七天退换,卡马吉他卡玛民谣电箱41寸d1c初学者木吉他新手练习入门jita吉它,1299.0
"满499减10,满1999减40,满9999减300,可跨店",图书,广东深圳,1490.0,快递: 0.00,正品保证;赠运费险;极速退款;七天退换,卡马吉他卡玛民谣电箱41寸d1c初学者木吉他新手练习入门jita吉它,745.0
"满499减10,满1999减40,满9999减300,可跨店",图书,江苏扬州,2180.0,快递: 0.0,正品保证;公益宝贝;赠运费险;极速退款;七天退换,【润扬民乐】古筝百凤朝阳挖嵌琴 初学者考级 扬州专业演奏乐器,759.0
"满499减10,满1999减40,满9999减300,可跨店",图书,江苏扬州,2180.0,快递: 0.0,正品保证;公益宝贝;赠运费险;极速退款;七天退换,【润扬民乐】古筝百凤朝阳挖嵌琴 初学者考级 扬州专业演奏乐器,759.0
"满499减10,满1999减40,满9999减300,可跨店",图书,江苏扬州,2180.0,快递: 0.0,正品保证;公益宝贝;赠运费险;极速退款;七天退换,【润扬民乐】古筝百凤朝阳挖嵌琴 初学者考级 扬州专业演奏乐器,759.0
"满499减10,满1999减40,满9999减300,可跨店",图书,江苏扬州,2180.0,快递: 0.0,正品保证;公益宝贝;赠运费险;极速退款;七天退换,【润扬民乐】古筝百凤朝阳挖嵌琴 初学者考级 扬州专业演奏乐器,759.0
"满499减10,满1999减40,满9999减300,可跨店",图书,江苏扬州,2180.0,快递: 0.0,正品保证;公益宝贝;赠运费险;极速退款;七天退换,【润扬民乐】古筝百凤朝阳挖嵌琴 初学者考级 扬州专业演奏乐器,759.0
"满499减10,满1999减40,满9999减300,可跨店",图书,江苏扬州,2180.0,快递: 0.0,正品保证;公益宝贝;赠运费险;极速退款;七天退换,【润扬民乐】古筝百凤朝阳挖嵌琴 初学者考级 扬州专业演奏乐器,759.0
"满499减10,满1999减40,满9999减300,可跨店",图书,广东深圳,5400.0,快递: 0.00,正品保证;赠运费险;极速退款;七天退换,正品TAMA架子鼓 节奏伴侣 RH52KH6 成人爵士鼓送德国进口麦尔,3999.0
"满499减10,满1999减40,满9999减300,可跨店",图书,江苏扬州,2180.0,快递: 0.0,正品保证;公益宝贝;赠运费险;极速退款;七天退换,【润扬民乐】古筝百凤朝阳挖嵌琴 初学者考级 扬州专业演奏乐器,759.0
"满499减10,满1999减40,满9999减300,可跨店",图书,广东深圳,5000.0,快递: 0.00,正品保证;赠运费险;极速退款;七天退换,正品TAMA架子鼓 节奏伴侣 RH52KH6 成人爵士鼓送德国进口麦尔,3860.0
"满499减10,满1999减40,满9999减300,可跨店",图书,广东深圳,5000.0,快递: 0.00,正品保证;赠运费险;极速退款;七天退换,正品TAMA架子鼓 节奏伴侣 RH52KH6 成人爵士鼓送德国进口麦尔,3860.0
"满499减10,满1999减40,满9999减300,可跨店",图书,江苏扬州,2180.0,快递: 0.0,正品保证;公益宝贝;赠运费险;极速退款;七天退换,【润扬民乐】古筝百凤朝阳挖嵌琴 初学者考级 扬州专业演奏乐器,759.0
"满499减10,满1999减40,满9999减300,可跨店",图书,江苏扬州,2180.0,快递: 0.0,正品保证;公益宝贝;赠运费险;极速退款;七天退换,【润扬民乐】古筝百凤朝阳挖嵌琴 初学者考级 扬州专业演奏乐器,759.0
"满499减10,满1999减40,满9999减300,可跨店",图书,浙江杭州,165.0,快递: 0.00,正品保证;赠运费险;极速退款;七天退换,迪海 笛子乐器/初学成人学生笛/专业苦竹横笛/单白铜竹笛/精制,60.0
"满499减10,满1999减40,满9999减300,可跨店",图书,浙江杭州,165.0,快递: 0.00,正品保证;赠运费险;极速退款;七天退换,迪海 笛子乐器/初学成人学生笛/专业苦竹横笛/单白铜竹笛/精制,60.0
"满499减10,满1999减40,满9999减300,可跨店",图书,江苏扬州,2180.0,快递: 0.0,正品保证;公益宝贝;赠运费险;极速退款;七天退换,【润扬民乐】古筝百凤朝阳挖嵌琴 初学者考级 扬州专业演奏乐器,759.0
"满499减10,满1999减40,满9999减300,可跨店",图书,广东深圳,5000.0,快递: 0.00,正品保证;赠运费险;极速退款;七天退换,正品TAMA架子鼓 节奏伴侣 RH52KH6 成人爵士鼓送德国进口麦尔,3860.0
"满499减10,满1999减40,满9999减300,可跨店",图书,广东深圳,5000.0,快递: 0.00,正品保证;赠运费险;极速退款;七天退换,正品TAMA架子鼓 节奏伴侣 RH52KH6 成人爵士鼓送德国进口麦尔,3860.0
"满499减10,满1999减40,满9999减300,可跨店",图书,浙江杭州,165.0,快递: 0.00,正品保证;赠运费险;极速退款;七天退换,迪海 笛子乐器/初学成人学生笛/专业苦竹横笛/单白铜竹笛/精制,60.0
"满499减10,满1999减40,满9999减300,可跨店",图书,江苏扬州,2680.0,快递: 0.00,正品保证;公益宝贝;赠运费险;极速退款;七天退换,玉振古筝 611大师监制 专业实木演奏考级成人儿童教学乐器古筝,1480.0
"满499减10,满1999减40,满9999减300,可跨店",图书,浙江杭州,165.0,快递: 0.00,正品保证;赠运费险;极速退款;七天退换,迪海 笛子乐器/初学成人学生笛/专业苦竹横笛/单白铜竹笛/精制,60.0
"满499减10,满1999减40,满9999减300,可跨店",图书,广东深圳,5000.0,快递: 0.00,正品保证;赠运费险;极速退款;七天退换,正品TAMA架子鼓 节奏伴侣 RH52KH6 成人爵士鼓送德国进口麦尔,3860.0
"满499减10,满1999减40,满9999减300,可跨店",图书,浙江杭州,165.0,快递: 0.00,正品保证;赠运费险;极速退款;七天退换,迪海 笛子乐器/初学成人学生笛/专业苦竹横笛/单白铜竹笛/精制,60.0
"满499减10,满1999减40,满9999减300,可跨店",图书,浙江杭州,298.0,快递: 0.00,正品保证;赠运费险;极速退款;七天退换,伶吟 专业级演奏笛子 乐器 苦竹笛 横笛 学生笛 精制曲笛包/教程,99.0
"满499减10,满1999减40,满9999减300,可跨店",图书,浙江杭州,165.0,快递: 0.00,正品保证;赠运费险;极速退款;七天退换,迪海 笛子乐器/初学成人学生笛/专业苦竹横笛/单白铜竹笛/精制,60.0
"满499减10,满1999减40,满9999减300,可跨店",图书,浙江杭州,298.0,快递: 0.00,正品保证;赠运费险;极速退款;七天退换,伶吟 专业级演奏笛子 乐器 苦竹笛 横笛 学生笛 精制曲笛包/教程,99.0
"满499减10,满1999减40,满9999减300,可跨店",图书,浙江杭州,165.0,快递: 0.00,正品保证;赠运费险;极速退款;七天退换,迪海 笛子乐器/初学成人学生笛/专业苦竹横笛/单白铜竹笛/精制,60.0
"满499减10,满1999减40,满9999减300,可跨店",图书,浙江杭州,298.0,快递: 0.00,正品保证;赠运费险;极速退款;七天退换,伶吟 专业级演奏笛子 乐器 苦竹笛 横笛 学生笛 精制曲笛包/教程,99.0
"满499减10,满1999减40,满9999减300,可跨店",图书,浙江杭州,298.0,快递: 0.00,正品保证;赠运费险;极速退款;七天退换,伶吟 专业级演奏笛子 乐器 苦竹笛 横笛 学生笛 精制曲笛包/教程,99.0
"满499减10,满1999减40,满9999减300,可跨店",图书,浙江杭州,165.0,快递: 0.00,正品保证;赠运费险;极速退款;七天退换,迪海 笛子乐器/初学成人学生笛/专业苦竹横笛/单白铜竹笛/精制,60.0
"满499减10,满1999减40,满9999减300,可跨店",图书,浙江杭州,165.0,快递: 0.00,正品保证;赠运费险;极速退款;七天退换,迪海 笛子乐器/初学成人学生笛/专业苦竹横笛/单白铜竹笛/精制,60.0
"满499减10,满1999减40,满9999减300,可跨店",图书,浙江杭州,165.0,快递: 0.00,正品保证;赠运费险;极速退款;七天退换,迪海 笛子乐器/初学成人学生笛/专业苦竹横笛/单白铜竹笛/精制,60.0
"满499减10,满1999减40,满9999减300,可跨店",图书,浙江杭州,298.0,快递: 0.00,正品保证;赠运费险;极速退款;七天退换,伶吟 专业级演奏笛子 乐器 苦竹笛 横笛 学生笛 精制曲笛包/教程,99.0
"满499减10,满1999减40,满9999减300,可跨店",图书,浙江杭州,165.0,快递: 0.00,正品保证;赠运费险;极速退款;七天退换,迪海 笛子乐器/初学成人学生笛/专业苦竹横笛/单白铜竹笛/精制,60.0
"满499减10,满1999减40,满9999减300,可跨店",图书,浙江杭州,298.0,快递: 0.00,正品保证;赠运费险;极速退款;七天退换,伶吟 专业级演奏笛子 乐器 苦竹笛 横笛 学生笛 精制曲笛包/教程,99.0
"满499减10,满1999减40,满9999减300,可跨店",图书,浙江杭州,165.0,快递: 0.00,正品保证;赠运费险;极速退款;七天退换,迪海 笛子乐器/初学成人学生笛/专业苦竹横笛/单白铜竹笛/精制,60.0
"满499减10,满1999减40,满9999减300,可跨店",图书,北京,3880.0,快递: 0.00,正品保证;赠运费险;极速退款;七天退换,北京星海官方专业402扬琴洋琴考级演奏杨琴乐器8621L T水龙吟图案,1885.0
"满499减10,满1999减40,满9999减300,可跨店",图书,浙江杭州,298.0,快递: 0.00,正品保证;赠运费险;极速退款;七天退换,伶吟 专业级演奏笛子 乐器 苦竹笛 横笛 学生笛 精制曲笛包/教程,99.0
"满499减10,满1999减40,满9999减300,可跨店",图书,浙江杭州,298.0,快递: 0.00,正品保证;赠运费险;极速退款;七天退换,伶吟 专业级演奏笛子 乐器 苦竹笛 横笛 学生笛 精制曲笛包/教程,99.0
"满499减10,满1999减40,满9999减300,可跨店",图书,浙江杭州,165.0,快递: 0.00,正品保证;赠运费险;极速退款;七天退换,迪海 笛子乐器/初学成人学生笛/专业苦竹横笛/单白铜竹笛/精制,60.0
"满499减10,满1999减40,满9999减300,可跨店",图书,北京,3880.0,快递: 0.00,正品保证;赠运费险;极速退款;七天退换,北京星海官方专业402扬琴洋琴考级演奏杨琴乐器8621L T水龙吟图案,1885.0
"满499减10,满1999减40,满9999减300,可跨店",图书,江苏扬州,5800.0,快递: 0.00,正品保证;公益宝贝;赠运费险;极速退款;七天退换,扬州龙凤古筝双弧黑檀素面 儿童成人初学者考级专业演奏 全套包邮,2385.0
"满499减10,满1999减40,满9999减300,可跨店",图书,浙江杭州,298.0,快递: 0.00,正品保证;赠运费险;极速退款;七天退换,伶吟 专业级演奏笛子 乐器 苦竹笛 横笛 学生笛 精制曲笛包/教程,99.0
"满499减10,满1999减40,满9999减300,可跨店",图书,广东深圳,1600.0,快递: 0.00,正品保证;赠运费险;极速退款;七天退换,Novation launchpad mini PRO MK2 现场MIDI控制器打击垫,1440.0
"满499减10,满1999减40,满9999减300,可跨店",图书,浙江杭州,165.0,快递: 0.00,正品保证;赠运费险;极速退款;七天退换,迪海 笛子乐器/初学成人学生笛/专业苦竹横笛/单白铜竹笛/精制,60.0
"满499减10,满1999减40,满9999减300,可跨店",图书,江苏扬州,5800.0,快递: 0.00,正品保证;公益宝贝;赠运费险;极速退款;七天退换,扬州龙凤古筝双弧黑檀素面 儿童成人初学者考级专业演奏 全套包邮,2420.0
"满499减10,满1999减40,满9999减300,可跨店",图书,浙江杭州,298.0,快递: 0.00,正品保证;赠运费险;极速退款;七天退换,伶吟 专业级演奏笛子 乐器 苦竹笛 横笛 学生笛 精制曲笛包/教程,99.0
"满499减10,满1999减40,满9999减300,可跨店",图书,广东深圳,840.0,快递: 0.00,正品保证;赠运费险;极速退款;七天退换,Novation launchpad mini PRO MK2 现场MIDI控制器打击垫,756.0
"满499减10,满1999减40,满9999减300,可跨店",图书,浙江杭州,165.0,快递: 0.00,正品保证;赠运费险;极速退款;七天退换,迪海 笛子乐器/初学成人学生笛/专业苦竹横笛/单白铜竹笛/精制,60.0
"满499减10,满1999减40,满9999减300,可跨店",图书,江苏扬州,5800.0,快递: 0.00,正品保证;公益宝贝;赠运费险;极速退款;七天退换,扬州龙凤古筝双弧黑檀素面 儿童成人初学者考级专业演奏 全套包邮,2436.0
"满499减10,满1999减40,满9999减300,可跨店",图书,浙江杭州,298.0,快递: 0.00,正品保证;赠运费险;极速退款;七天退换,伶吟 专业级演奏笛子 乐器 苦竹笛 横笛 学生笛 精制曲笛包/教程,99.0
"满499减10,满1999减40,满9999减300,可跨店",图书,广东深圳,2500.0,快递: 0.00,正品保证;赠运费险;极速退款;七天退换,Novation launchpad mini PRO MK2 现场MIDI控制器打击垫,2250.0
"满499减10,满1999减40,满9999减300,可跨店",图书,浙江杭州,165.0,快递: 0.00,正品保证;赠运费险;极速退款;七天退换,迪海 笛子乐器/初学成人学生笛/专业苦竹横笛/单白铜竹笛/精制,60.0
"满499减10,满1999减40,满9999减300,可跨店",图书,江苏扬州,5800.0,快递: 0.00,正品保证;公益宝贝;赠运费险;极速退款;七天退换,扬州龙凤古筝双弧黑檀素面 儿童成人初学者考级专业演奏 全套包邮,2439.0
"满499减10,满1999减40,满9999减300,可跨店",图书,浙江杭州,298.0,快递: 0.00,正品保证;赠运费险;极速退款;七天退换,伶吟 专业级演奏笛子 乐器 苦竹笛 横笛 学生笛 精制曲笛包/教程,99.0
"满499减10,满1999减40,满9999减300,可跨店",图书,浙江杭州,165.0,快递: 0.00,正品保证;赠运费险;极速退款;七天退换,迪海 笛子乐器/初学成人学生笛/专业苦竹横笛/单白铜竹笛/精制,60.0
"满499减10,满1999减40,满9999减300,可跨店",图书,江苏扬州,5800.0,快递: 0.00,正品保证;公益宝贝;赠运费险;极速退款;七天退换,扬州龙凤古筝双弧黑檀素面 儿童成人初学者考级专业演奏 全套包邮,2420.0
"满499减10,满1999减40,满9999减300,可跨店",图书,浙江杭州,298.0,快递: 0.00,正品保证;赠运费险;极速退款;七天退换,伶吟 专业级演奏笛子 乐器 苦竹笛 横笛 学生笛 精制曲笛包/教程,99.0
"满499减10,满1999减40,满9999减300,可跨店",图书,浙江杭州,298.0,快递: 0.00,正品保证;赠运费险;极速退款;七天退换,伶吟 专业级演奏笛子 乐器 苦竹笛 横笛 学生笛 精制曲笛包/教程,99.0
"满499减10,满1999减40,满9999减300,可跨店",图书,广东深圳,6850.0,快递: 0.00,正品保证;赠运费险;极速退款;七天退换,罗兰 Roland电鼓 电子鼓TD4KP TD-4KP便携款可折叠 架子鼓 爵士鼓,5823.0
"满499减10,满1999减40,满9999减300,可跨店",图书,浙江杭州,155.0,快递: 0.00,正品保证;赠运费险;极速退款;七天退换,迪海 笛子乐器/初学成人学生笛/专业苦竹横笛/单白铜竹笛/精制,54.0
"满499减10,满1999减40,满9999减300,可跨店",图书,广东深圳,7000.0,快递: 0.00,正品保证;赠运费险;极速退款;七天退换,罗兰 Roland电鼓 电子鼓TD4KP TD-4KP便携款可折叠 架子鼓 爵士鼓,6246.0
"满499减10,满1999减40,满9999减300,可跨店",图书,浙江杭州,165.0,快递: 0.00,正品保证;赠运费险;极速退款;七天退换,迪海 笛子乐器/初学成人学生笛/专业苦竹横笛/单白铜竹笛/精制,60.0
"满499减10,满1999减40,满9999减300,可跨店",图书,广东深圳,6440.0,快递: 0.00,正品保证;赠运费险;极速退款;七天退换,罗兰 Roland电鼓 电子鼓TD4KP TD-4KP便携款可折叠 架子鼓 爵士鼓,5256.0
"满499减10,满1999减40,满9999减300,可跨店",图书,广东深圳,5310.0,快递: 0.00,正品保证;赠运费险;极速退款;七天退换,罗兰 Roland电鼓 电子鼓TD4KP TD-4KP便携款可折叠 架子鼓 爵士鼓,4725.0
"满499减10,满1999减40,满9999减300,可跨店",图书,广东深圳,6560.0,快递: 0.00,正品保证;赠运费险;极速退款;七天退换,罗兰 Roland电鼓 电子鼓TD4KP TD-4KP便携款可折叠 架子鼓 爵士鼓,5724.0
"满499减10,满1999减40,满9999减300,可跨店",图书,广东深圳,5050.0,快递: 0.00,正品保证;赠运费险;极速退款;七天退换,罗兰 Roland电鼓 电子鼓TD4KP TD-4KP便携款可折叠 架子鼓 爵士鼓,4491.0
"满499减10,满1999减40,满9999减300,可跨店",图书,广东深圳,5940.0,快递: 0.00,正品保证;赠运费险;极速退款;七天退换,罗兰 Roland电鼓 电子鼓TD4KP TD-4KP便携款可折叠 架子鼓 爵士鼓,4986.0
,图书,浙江杭州,65.0,快递: 0.00,正品保证;赠运费险;不支持7天退换;极速退款,植物大战僵尸红袋鼠书,11.11
"满499减10,满1999减40,满9999减300,可跨店",图书,上海,5840.0,快递: 0.00,正品保证;赠运费险;极速退款;七天退换,ROLAND/罗兰电鼓 TD4KP TD-4KP 可折叠 电鼓 电子鼓 架子鼓爵士鼓,5256.0
"满499减10,满1999减40,满9999减300,可跨店",图书,上海,5540.0,快递: 0.00,正品保证;赠运费险;极速退款;七天退换,ROLAND/罗兰电鼓 TD4KP TD-4KP 可折叠 电鼓 电子鼓 架子鼓爵士鼓,4986.0
"满499减10,满1999减40,满9999减300,可跨店",图书,上海,6940.0,快递: 0.00,正品保证;赠运费险;极速退款;七天退换,ROLAND/罗兰电鼓 TD4KP TD-4KP 可折叠 电鼓 电子鼓 架子鼓爵士鼓,6246.0
"满499减10,满1999减40,满9999减300,可跨店",图书,上海,5250.0,快递: 0.00,正品保证;赠运费险;极速退款;七天退换,ROLAND/罗兰电鼓 TD4KP TD-4KP 可折叠 电鼓 电子鼓 架子鼓爵士鼓,4725.0
"满499减10,满1999减40,满9999减300,可跨店",图书,上海,4990.0,快递: 0.00,正品保证;赠运费险;极速退款;七天退换,ROLAND/罗兰电鼓 TD4KP TD-4KP 可折叠 电鼓 电子鼓 架子鼓爵士鼓,4491.0
"满499减10,满1999减40,满9999减300,可跨店",图书,上海,5970.0,快递: 0.00,正品保证;赠运费险;极速退款;七天退换,ROLAND/罗兰电鼓 TD4KP TD-4KP 可折叠 电鼓 电子鼓 架子鼓爵士鼓,5373.0
"满499减10,满1999减40,满9999减300,可跨店",图书,上海,58.0,快递: 0.00,正品保证;公益宝贝;赠运费险;极速退款;七天退换,口琴24孔复音初学者成人儿童学生用天鹅口琴SW24ML入门c调送教材,49.0
"满499减10,满1999减40,满9999减300,可跨店",图书,上海,6360.0,快递: 0.00,正品保证;赠运费险;极速退款;七天退换,ROLAND/罗兰电鼓 TD4KP TD-4KP 可折叠 电鼓 电子鼓 架子鼓爵士鼓,5724.0
"满499减10,满1999减40,满9999减300,可跨店",图书,上海,58.0,快递: 0.00,正品保证;公益宝贝;赠运费险;极速退款;七天退换,口琴24孔复音初学者成人儿童学生用天鹅口琴SW24ML入门c调送教材,49.0
"满499减10,满1999减40,满9999减300,可跨店",图书,上海,6470.0,快递: 0.00,正品保证;赠运费险;极速退款;七天退换,ROLAND/罗兰电鼓 TD4KP TD-4KP 可折叠 电鼓 电子鼓 架子鼓爵士鼓,5823.0
"满499减10,满1999减40,满9999减300,可跨店",图书,上海,58.0,快递: 0.00,正品保证;公益宝贝;赠运费险;极速退款;七天退换,口琴24孔复音初学者成人儿童学生用天鹅口琴SW24ML入门c调送教材,49.0
,图书,湖南长沙,30.0,快递: 0.00,正品保证;赠运费险;不支持7天退换;极速退款,全2册海底总动员,11.11
"满199减10,满299减30,满499减60,可跨店",图书,北京,39.9,快递: 0.00,正品保证;赠运费险;极速退款;七天退换,简笔画6000例,17.8
,图书,北京,45.0,快递: 0.00,正品保证;赠运费险;不支持7天退换;极速退款,【限量秒杀】愿所有美好如期而至 十点读书2016全新作品,
"满499减10,满1999减40,满9999减300,可跨店",图书,四川成都,49.0,快递: 0.00,正品保证;赠运费险;极速退款;七天退换,艾斯民谣吉他包36/39/40/41寸加厚加棉双肩木吉他包吉它琴包防水,44.1
"满499减10,满1999减40,满9999减300,可跨店",图书,四川成都,49.0,快递: 0.00,正品保证;赠运费险;极速退款;七天退换,艾斯民谣吉他包36/39/40/41寸加厚加棉双肩木吉他包吉它琴包防水,44.1
"满499减10,满1999减40,满9999减300,可跨店",图书,江苏南京,26.0,快递: 0.00,正品保证;公益宝贝;赠运费险;极速退款;七天退换,正品爱丽丝alice民谣木吉他弦进口钢丝吉它琴弦套装6根一套送1弦,11.48
"满499减10,满1999减40,满9999减300,可跨店",图书,四川成都,49.0,快递: 0.00,正品保证;赠运费险;极速退款;七天退换,艾斯民谣吉他包36/39/40/41寸加厚加棉双肩木吉他包吉它琴包防水,44.1
"满499减10,满1999减40,满9999减300,可跨店",图书,四川成都,49.0,快递: 0.00,正品保证;赠运费险;极速退款;七天退换,艾斯民谣吉他包36/39/40/41寸加厚加棉双肩木吉他包吉它琴包防水,44.1
"满499减10,满1999减40,满9999减300,可跨店",图书,四川成都,56.0,快递: 0.00,正品保证;赠运费险;极速退款;七天退换,艾斯民谣吉他包36/39/40/41寸加厚加棉双肩木吉他包吉它琴包防水,50.4
"满499减10,满1999减40,满9999减300,可跨店",图书,四川成都,49.0,快递: 0.00,正品保证;赠运费险;极速退款;七天退换,艾斯民谣吉他包36/39/40/41寸加厚加棉双肩木吉他包吉它琴包防水,44.1
"满199减10,满299减30,满499减60,可跨店",图书,江苏徐州,108.0,快递: 0.00,正品保证;赠运费险;极速退款;七天退换,眼睛怎么能看得见事物/小海绵科学童话,38.8
"满499减10,满1999减40,满9999减300,可跨店",图书,四川成都,49.0,快递: 0.00,正品保证;赠运费险;极速退款;七天退换,艾斯民谣吉他包36/39/40/41寸加厚加棉双肩木吉他包吉它琴包防水,44.1
"满499减10,满1999减40,满9999减300,可跨店",图书,广东广州,196.0,快递: 0.00,正品保证;公益宝贝;赠运费险;极速退款;七天退换,夏威夷尤克里里太阳文艺小清新初学者小吉他 款式时尚 力压群芳,140.0
"满499减10,满1999减40,满9999减300,可跨店",图书,广东广州,206.0,快递: 0.00,正品保证;公益宝贝;赠运费险;极速退款;七天退换,夏威夷尤克里里太阳文艺小清新初学者小吉他 款式时尚 力压群芳,149.0
"满499减10,满1999减40,满9999减300,可跨店",图书,广东广州,196.0,快递: 0.00,正品保证;公益宝贝;赠运费险;极速退款;七天退换,夏威夷尤克里里太阳文艺小清新初学者小吉他 款式时尚 力压群芳,140.0
"满499减10,满1999减40,满9999减300,可跨店",图书,广东广州,196.0,快递: 0.00,正品保证;公益宝贝;赠运费险;极速退款;七天退换,夏威夷尤克里里太阳文艺小清新初学者小吉他 款式时尚 力压群芳,140.0
"满499减10,满1999减40,满9999减300,可跨店",图书,广东广州,196.0,快递: 0.00,正品保证;公益宝贝;赠运费险;极速退款;七天退换,夏威夷尤克里里太阳文艺小清新初学者小吉他 款式时尚 力压群芳,140.0
"满499减10,满1999减40,满9999减300,可跨店",图书,广东广州,176.0,快递: 0.00,正品保证;公益宝贝;赠运费险;极速退款;七天退换,夏威夷尤克里里太阳文艺小清新初学者小吉他 款式时尚 力压群芳,122.0
"满499减10,满1999减40,满9999减300,可跨店",图书,广东广州,206.0,快递: 0.00,正品保证;公益宝贝;赠运费险;极速退款;七天退换,夏威夷尤克里里太阳文艺小清新初学者小吉他 款式时尚 力压群芳,149.0
"满499减10,满1999减40,满9999减300,可跨店",图书,广东广州,196.0,快递: 0.00,正品保证;公益宝贝;赠运费险;极速退款;七天退换,夏威夷尤克里里太阳文艺小清新初学者小吉他 款式时尚 力压群芳,140.0
"满499减10,满1999减40,满9999减300,可跨店",图书,广东广州,206.0,快递: 0.00,正品保证;公益宝贝;赠运费险;极速退款;七天退换,夏威夷尤克里里太阳文艺小清新初学者小吉他 款式时尚 力压群芳,149.0
"满499减10,满1999减40,满9999减300,可跨店",图书,广东广州,196.0,快递: 0.00,正品保证;公益宝贝;赠运费险;极速退款;七天退换,夏威夷尤克里里太阳文艺小清新初学者小吉他 款式时尚 力压群芳,140.0
"满499减10,满1999减40,满9999减300,可跨店",图书,广东广州,206.0,快递: 0.00,正品保证;公益宝贝;赠运费险;极速退款;七天退换,夏威夷尤克里里太阳文艺小清新初学者小吉他 款式时尚 力压群芳,149.0
"满499减10,满1999减40,满9999减300,可跨店",图书,广东广州,196.0,快递: 0.00,正品保证;公益宝贝;赠运费险;极速退款;七天退换,夏威夷尤克里里太阳文艺小清新初学者小吉他 款式时尚 力压群芳,140.0
"满499减10,满1999减40,满9999减300,可跨店",图书,广东广州,196.0,快递: 0.00,正品保证;公益宝贝;赠运费险;极速退款;七天退换,夏威夷尤克里里太阳文艺小清新初学者小吉他 款式时尚 力压群芳,140.0
"满499减10,满1999减40,满9999减300,可跨店",图书,广东广州,176.0,快递: 0.00,正品保证;公益宝贝;赠运费险;极速退款;七天退换,夏威夷尤克里里太阳文艺小清新初学者小吉他 款式时尚 力压群芳,122.0
"满499减10,满1999减40,满9999减300,可跨店",图书,广东广州,206.0,快递: 0.00,正品保证;公益宝贝;赠运费险;极速退款;七天退换,夏威夷尤克里里太阳文艺小清新初学者小吉他 款式时尚 力压群芳,149.0
"满499减10,满1999减40,满9999减300,可跨店",图书,广东广州,196.0,快递: 0.00,正品保证;公益宝贝;赠运费险;极速退款;七天退换,夏威夷尤克里里太阳文艺小清新初学者小吉他 款式时尚 力压群芳,140.0
"满499减10,满1999减40,满9999减300,可跨店",图书,广东广州,176.0,快递: 0.00,正品保证;公益宝贝;赠运费险;极速退款;七天退换,夏威夷尤克里里太阳文艺小清新初学者小吉他 款式时尚 力压群芳,122.0
"满499减10,满1999减40,满9999减300,可跨店",图书,广东广州,206.0,快递: 0.00,正品保证;公益宝贝;赠运费险;极速退款;七天退换,夏威夷尤克里里太阳文艺小清新初学者小吉他 款式时尚 力压群芳,149.0
"满499减10,满1999减40,满9999减300,可跨店",图书,广东广州,196.0,快递: 0.00,正品保证;公益宝贝;赠运费险;极速退款;七天退换,夏威夷尤克里里太阳文艺小清新初学者小吉他 款式时尚 力压群芳,140.0
"满499减10,满1999减40,满9999减300,可跨店",图书,广东广州,196.0,快递: 0.00,正品保证;公益宝贝;赠运费险;极速退款;七天退换,夏威夷尤克里里太阳文艺小清新初学者小吉他 款式时尚 力压群芳,140.0
"满199减10,满299减30,满499减60,可跨店",图书,浙江杭州,32.0,快递: 0.00,正品保证;赠运费险;极速退款;七天退换,汪国真精选集(世纪文学经典)(精) 汪国真诗集精华 散文诗歌 汪国真精选集(典藏版)(精)/名家文库 中国当代诗歌 青春励志 正版,15.6
